year,Serial Number,Chinese ID,Name,Total Times of Landfall,Order of landfall, Landfall Province,Landfall Intensity Category
1949,4,,Elaine,1,1,Hong Kong,TS
,6,,Gloria,3,1,Zhejiang,TY
,,,,,2,Shanghai–Zhejiang,TY
,,,,,3,Shandong,STS
,8,,Irma,1,1,Taiwan,STS
,11,,,2,1,Hainan,TD
,,,,,2,Guangdong,
,13,,,1,1,Fujian,
,19,,,1,1,Guangdong,STS
,20,,Nelly,2,1,Taiwan,TY
,,,,,2,Guangdong,TD
,24,,,2,1,Taiwan,TD
,,,,,2,Fujian,
,25,,Omilia,1,1,Guangdong,TS
1950,3,,,1,1,Taiwan,TS
,5,,,1,1,Guangdong,TD
,7,,Grace,1,1,Liaoning,TD
,9,,,1,1,Taiwan,TD
,10,,,1,1,Jiangsu,TD
,12,,,1,1,Guangdong,TD
,30,,Ossia,1,1,Guangdong,TS
,31,,,1,1,Hainan,TD
,32,,,1,1,Hainan,TD
,40,,Delilah,1,1,Hainan,TS
1951,5,,,1,1,Guangdong,TD
,6,,,1,1,Hainan,TD
,12,,Louise,1,1,Guangdong,TY
,15,,,2,1,Guangdong,
,,,,,2,Guangxi,
,18,,Nora,1,1,Hainan,TY
,21,,Ora,1,1,Guangdong,
,22,,Pat,2,1,Zhejiang,TS
,,,,,2,Shanghai–Zhejiang,TD
1952,1,,Charlotte,1,1,Guangdong,STS
,3,,,1,1,Guangdong,TD
,4,,Emma,1,1,Guangdong,STS
,7,,Gilda,1,1,Zhejiang,TD
,8,,Harriet,1,1,Guangdong,TS
,12,,,1,1,Guangdong,TD
,14,,,1,1,Guangdong,TD
,15,,Lois,1,1,Hainan,TY
,16,,Mary,1,1,Fujian,TS
,16,,Mary(-)1,1,1,Fujian,TD
,17,,Nora,1,1,Hainan,TY
,18,,,2,1,Taiwan,STS
,,,,,2,Guangdong,STS
,19,,,2,1,Taiwan,TD
,,,,,2,Fujian,
,21,,,1,1,Hainan,TS
,29,,Bess,1,1,Taiwan,TY
,31,,Della,1,1,Taiwan,TD
1953,5,,Kit,2,1,Taiwan,TY
,,,,,2,Fujian,TY
,6,,,1,1,Guangdong,TD
,10,,Nina,1,1,Zhejiang,TY
,12,,,1,1,Hainan,TD
,13,,Ophelia,1,1,Hainan,TY
,14,,Phyllis,2,1,Taiwan,TY
,,,,,2,Fujian,TS
,15,,Rita,1,1,Guangdong,TY
,17,,Susan,1,1,Guangdong,STS
,20,,,1,1,Hainan,TD
,22,,,1,1,Hainan,
,26,,Betty,1,1,Hainan,TY
1954,2,,Elsie,2,1,Hainan,TY
,,,,,2,Guangxi,TS
,7,,Elsie,1,1,Guangdong,TD
,11,,,1,1,Jiangsu,TS
,13,,Ida,1,1,Guangdong,TY
,16,,,2,1,Guangdong,TS
,,,,,2,Guangxi,TD
,27,,Pamela,2,1,Guangdong,TS
,,,,,2,Guangdong,
,29,,Ruby,1,1,Guangdong,TD
1955,5,,Billie,1,1,Guangdong,STS
,6,,,1,1,Hainan,STS
,7,,Clara,1,1,Shandong,TD
,8,,,1,1,Guangdong,
,18,,,1,1,Zhejiang,TD
,19,,Iris,2,1,Taiwan,TY
,,,,,2,Fujian,TD
,19,,Iris(-)1,1,1,Fujian,
,24,,,1,1,Taiwan,
,25,,,1,1,Guangdong,
,26,,Kate,1,1,Hainan,TY
1956,7,,,1,1,Guangdong,TD
,9,,Vera,1,1,Hainan,STS
,11,,,1,1,Fujian,TS
,12,,Wanda,1,1,Zhejiang,TY
,15,,,1,1,Hainan,
,19,,,2,1,Hainan,TD
,,,,,2,Guangxi,
,20,,,1,1,Hainan,
,22,,Dinah,2,1,Taiwan,TY
,,,,,2,Fujian,TY
,25,,,1,1,Hainan,
,26,,Freda,2,1,Taiwan,TY
,,,,,2,Fujian,STS
,27,,Gilda,2,1,Taiwan,TY
,,,,,2,Fujian,TS
,30,,,1,1,Hainan,TD
1957,5,,Virginia,1,1,Taiwan,TY
,7,,,1,1,Hainan,TD
,8,,Wendy,1,1,Guangdong,STS
,11,,,1,1,Guangdong,TS
,17,,Carmen,1,1,Fujian,TY
,19,,Gloria,1,1,Guangdong,TY
,23,,,1,1,Guangdong,TD
1958,4,,,1,1,Hainan,TS
,10,,Winnie,2,1,Taiwan,TY
,,,,,2,Fujian,STS
,13,,,1,1,Fujian,TS
,15,,,1,1,Guangdong,STS
,19,,,1,1,Hainan,TD
,20,,,2,1,Taiwan,STS
,,,,,2,Fujian,TS
,21,,,1,1,Guangdong,TD
,22,,Grace,1,1,Fujian,TY
,23,,,2,1,Hainan,STS
,,,,,2,Guangxi,TD
,28,,,1,1,Guangdong,
1959,5,,Wilda,1,1,Guangdong,TD
,6,5901,Billie,2,1,Zhejiang–Fujian,TY
,,,,,2,Shanghai,STS
,7,,,1,1,Hainan,
,10,,Hope,1,1,Hainan,
,12,5903,Iris,1,1,Fujian,TY
,14,5904,Joan,2,1,Taiwan,TY
,,,,,2,Fujian,TY
,15,5905,Louise,2,1,Taiwan,TY
,,,,,2,Fujian,STS
,16,,Marge,1,1,Guangdong,
,17,5906,Nora(-)1,1,1,Guangdong,STS
1960,6,6001,Mary,1,1,Hong Kong,TY
,7,6003,Olive,1,1,Guangdong,STS
,9,6005,Polly,2,1,Shandong,STS
,,,,,2,Liaoning,TD
,11,6007,Shirley,3,1,Taiwan,TY
,,,,,2,Fujian,TY
,,,,,3,Shandong,TS
,12,6006,,1,1,Guangdong,TD
,13,6008,Trix,2,1,Taiwan,TY
,,,,,2,Fujian,STS
,13,6008,Trix(-)1,2,1,Taiwan,TS
,,,,,2,Fujian,
,18,6012,Agnes,2,1,Taiwan,STS
,,,,,2,Guangdong,
,24,6016,Elaine,2,1,Taiwan,STS
,,,,,2,Guangdong,
,31,6022,,1,1,Hainan,TD
,34,6024,Kit,1,1,Hainan,TY
1961,4,6103,Alice,1,1,Hong Kong,TY
,5,6104,Betty,2,1,Taiwan,TY
,,,,,2,Zhejiang,TD
,7,6106,,1,1,Taiwan,
,8,6107,,1,1,Hainan,TD
,12,6109,Doris,1,1,Guangdong,TS
,14,6110,Elsie,2,1,Taiwan,TY
,,,,,2,Guangdong,TS
,15,6111,Flossie,1,1,Hong Kong,TD
,19,6115,June,2,1,Taiwan,TY
,,,,,2,Fujian,TD
,20,6116,(-),2,1,Zhejiang,TD
,,,,,2,Jiangsu,TD
,24,6120,Lorna,2,1,Taiwan,TY
,,,,,2,Fujian,STS
,27,,,1,1,Guangdong,TS
,28,6121,Olga,1,1,Guangdong,TY
,29,6122,Pamela,2,1,Taiwan,TY
,,,,,2,Fujian,TY
,32,6125,Sally,2,1,Taiwan,TY
,,,,,2,Guangdong,STS
,33,6126,Tilda,1,1,Zhejiang,TY
1962,4,,,2,1,Hainan,TD
,,,,,2,Guangxi,
,8,6205,Kate,2,1,Taiwan,TY
,,,,,2,Fujian,STS
,13,6208,Opal,3,1,Taiwan,TY
,,,,,2,Fujian,TY
,,,,,3,Shandong,TS
,14,6209,Patsy,2,1,Hainan,TY
,,,,,2,Guangxi,STS
,19,6213,Wanda,2,1,Hong Kong,TY
,,,,,2,Hainan,
,20,6214,Amy,2,1,Taiwan,TY
,,,,,2,Fujian,STS
,23,6216,Carla,1,1,Hainan,TY
,27,6217,Dinah,1,1,Guangdong,TY
1963,6,6304,Trix,1,1,Guangdong,TY
,8,6306,Wendy,2,1,Taiwan,TY
,,,,,2,Fujian,STS
,10,6307,Agness,1,1,Guangdong,STS
,12,6317,,3,1,Hainan,TS
,,,,,2,Guangdong,TD
,,,,,3,Guangxi,TD
,13,6309,Carmen,2,1,Hainan,TY
,,,,,2,Guangdong,TY
,14,,,1,1,Hainan,TD
,17,,,1,1,Hainan,
,18,6311,Faye,1,1,Hainan,TY
,20,6312,Gloria,1,1,Fujian,STS
1964,2,6402,Viola,1,1,Guangdong,STS
,3,6403,Winnie,1,1,Hainan,TY
,11,6410,Helen,1,1,Liaoning,TS
,12,6411,Ida,1,1,Guangdong,TY
,13,6412,June,2,1,Guangdong,TD
,,,,,2,Hainan,TD
,19,6415,Ruby,1,1,Guangdong,TY
,20,6416,Sally,1,1,Guangdong,TY
,29,6423,Dot,1,1,Guangdong,TY
1965,12,,,1,1,Hainan,TD
,13,6506,Dinah,1,1,Taiwan,TY
,17,6508,Freda,2,1,Guangdong,TY
,,,,,2,Guangxi,TS
,19,6509,Gilda,1,1,Guangdong,TS
,21,6510,Harriet,3,1,Taiwan,TY
,,,,,2,Fujian,STS
,,,,,3,Shandong,TD
,25,6513,Mary,2,1,Taiwan,TY
,,,,,2,Fujian,TS
,26,6514,Nadine,1,1,Hainan,TS
,30,6517,Rose,1,1,Guangdong,STS
,35,6521,Agnes,1,1,Guangdong,TS
,39,6522,Elaine,1,1,Hainan,TD
1966,4,6603,Judy,1,1,Taiwan,STS
,6,6605,Lola,1,1,Guangdong,STS
,7,6606,Mamie,1,1,Guangdong,TS
,9,,,1,1,Taiwan,
,11,6608,Ora,2,1,Guangdong,TY
,,,,,2,Guangxi,STS
,12,6609,Phyllis,1,1,Hainan,TD
,16,6611,Tess,1,1,Fujian,STS
,18,6612,Winnie,1,1,Liaoning,TD
,20,6614,Alice,1,1,Fujian,TY
,21,6615,Cora,1,1,Fujian,TY
,25,6617,Elsie,1,1,Taiwan,TY
1967,8,6702,Anita,1,1,Guangdong,TY
,11,6704,Clara,2,1,Taiwan,TY
,,,,,2,Fujian,TS
,14,6705,Dot,2,1,Shandong,STS
,,,,,2,Liaoning,TS
,17,6706,Fran,1,1,Guangdong,TY
,19,6708,,2,1,Taiwan,TD
,,,,,2,Fujian,TS
,22,6709,,1,1,Guangdong,
,24,6710,Iris,1,1,Guangdong,TD
,26,6711,Kate,1,1,Guangdong,TS
,31,6714,Nora,2,1,Taiwan,STS
,,,,,2,Fujian,TD
,33,6715,Patsy,1,1,Hainan,TS
,47,6718,Carla,1,1,Guangdong,TS
,49,6720,Emma,1,1,Guangdong,TS
,51,6721,Gilda,1,1,Taiwan,TY
1968,9,6803,Nadine,2,1,Taiwan,TY
,,,,,2,Taiwan,TS
,13,,,1,1,Hainan,
,15,6806,Rose,1,1,Hainan,STS
,17,6808,Shirley,1,1,Hong Kong,TY
,21,6811,Wendy,1,1,Guangdong,TY
,23,6810,Bess,1,1,Hainan,
,27,6814,Elaine,1,1,Guangdong,STS
1969,7,6903,Viola,1,1,Guangdong,TY
,8,6902,,1,1,Hainan,
,11,6906,Betty,1,1,Fujian,TY
,16,6909,,1,1,Taiwan,TS
,18,6810,,1,1,Taiwan,TS
,20,6911,Elsie,2,1,Taiwan,TY
,,,,,2,Fujian,STS
1970,4,,,1,1,Taiwan,
,5,,,1,1,Hainan,TD
,8,7003,Ruby,1,1,Guangdong,TS
,14,7004,,1,1,Guangdong,TS
,17,7005,Violet,1,1,Guangdong,TD
,27,7010,Fran,2,1,Taiwan,STS
,,,,,2,Fujian,TD
,29,,,1,1,Hainan,
,30,7011,Georgia,1,1,Guangdong,TS
,39,7013,Joan,2,1,Hainan,TY
,,,,,2,Guangdong,TS
1971,5,7102,Wanda,1,1,Hainan,TS
,10,7106,Dinah,2,1,Hainan,STS
,,,,,2,Guangxi,TS
,12,7108,Freda,1,1,Guangdong,STS
,14,7109,Gilda,3,1,Hainan,TY
,,,,,2,Guangdong,TY
,,,,,3,Guangxi,TY
,18,7113,Jean,1,1,Hainan,TS
,19,7114,Lucy,1,1,Guangdong,STS
,21,7115,Nadine,2,1,Taiwan,TY
,,,,,2,Fujian,TD
,25,7118,Rose,1,1,Guangdong,STS
,32,7122,Agnes,2,1,Taiwan,TY
,,,,,2,Fujian,TS
,35,7123,Bess,2,1,Taiwan,TY
,,,,,2,Fujian,TY
,37,7125,Della,1,1,Hainan,STS
,39,7126,Elaine,1,1,Hainan,STS
1972,8,7202,Ora,1,1,Guangdong,TS
,9,7203,Rita,2,1,Shandong,STS
,,,,,2,Tianjin,TD
,10,7204,Susan,1,1,Fujian,TD
,16,7207,Winnie,1,1,Zhejiang,STS
,18,7209,Betty,1,1,Zhejiang,TY
,19,7210,Cora,1,1,Hainan,STS
,33,7220,Pamela,2,1,Hainan,TY
,,,,,2,Guangdong,STS
1973,1,7301,Wilda,1,1,Fujian,TY
,3,7303,Billie,2,1,Shandong,TS
,,,,,2,Liaoning,TD
,4,7304,Dot,1,1,Guangdong,STS
,8,7307,Georgia,1,1,Guangdong,STS
,12,7310,Joan,1,1,Guangdong,TD
,13,7311,Kate,1,1,Hainan,STS
,15,7312,,1,1,Guangdong,TD
,16,7313,Louise,1,1,Guangdong,TY
,17,7314,Marge,1,1,Hainan,SuperTY
,19,7315,Nora,1,1,Fujian,TY
,22,7318,Ruth,1,1,Hainan,TY
1974,5,7405,,1,1,Guangdong,TS
,6,7406,Dinah,1,1,Hainan,STS
,12,7410,Jean,2,1,Taiwan,STS
,,,,,2,Zhejiang,STS
,13,7411,Ivy,1,1,Guangdong,TY
,17,7412,Lucy,1,1,Fujian,TD
,18,7413,Mary,1,1,Zhejiang,TY
,25,7416,,2,1,Shandong,STS
,,,,,2,Liaoning,TS
,27,7419,,1,1,Guangdong,TS
,30,7420,Wendy,1,1,Taiwan,STS
,32,7421,Bess,1,1,Hainan,STS
,34,7423,Della,1,1,Hainan,TY
,39,7427,Irma,1,1,Guangdong,TS
1975,3,,,1,1,Hainan,TD
,6,7503,Nina,2,1,Taiwan,SuperTY
,,,,,2,Fujian,TY
,9,7504,Ora,1,1,Zhejiang,TY
,10,7506,,2,1,Hainan,TD
,,,,,2,Guangdong,TD
,13,,,1,1,Hainan,
,20,7510,Alice,1,1,Hainan,STS
,21,7511,Betty,2,1,Taiwan,TY
,,,,,2,Fujian,TY
,23,7513,Doris,1,1,Guangdong,TY
,25,7515,Flossie,1,1,Guangdong,STS
1976,10,,,3,1,Hainan,
,,,,,2,Guangdong,
,,,,,3,Guangxi,
,14,7610,Violet,1,1,Guangdong,STS
,17,7613,Billie,2,1,Taiwan,STY
,,,,,2,Fujian,TY
,18,7614,Clara,1,1,Guangdong,STS
,20,7616,Ellen,1,1,Guangdong,STS
,23,7619,Iris,3,1,Guangdong,STS
,,,,,2,Hainan,TD
,,,,,3,Hainan,TD
1977,4,7701,Ruth,1,1,Fujian,TD
,5,7702,(-)1,1,1,Hainan,
,5,7702,,1,1,Guangdong,TD
,6,7703,Sarah,1,1,Hainan,STS
,7,7704,Thelma,2,1,Taiwan,TY
,,,,,2,Fujian,TD
,8,7705,Vera,2,1,Taiwan,STY
,,,,,2,Fujian,STS
,12,7707,Amy(-)1,1,1,Taiwan,TD
,16,7708,Babe,1,1,Shanghai,STS
,19,7712,Freda,1,1,Guangdong,TS
1978,4,7803,Rose,1,1,Taiwan,
,5,,,1,1,Guangdong,
,8,7805,Trix,1,1,Zhejiang,TY
,11,7807,Agnes,2,1,Guangdong,TS
,,,,,2,Guangdong,
,13,7809,Bess,1,1,Hainan,TS
,15,7811,Della,2,1,Taiwan,TS
,,,,,2,Fujian,TD
,18,7812,Elaine,2,1,Guangdong,STS
,,,,,2,Guangxi,STS
,27,7818,Lola,1,1,Hainan,STS
1979,8,7905,Ellis,1,1,Guangdong,TD
,11,7908,Hope,1,1,Guangdong,TY
,12,7907,Gordon,1,1,Guangdong,STS
,18,7910,Judy,1,1,Zhejiang,STS
,23,7913,Mac,2,1,Guangdong,TS
,,,,,2,Guangdong,
,24,7914,Nancy,1,1,Hainan,TS
1980,6,8004,Georgia,1,1,Guangdong,TS
,7,8005,Herbert,2,1,Hainan,TS
,,,,,2,Guangxi,TS
,9,8006,Ida,1,1,Guangdong,TS
,10,8008,,1,1,Guangdong,TS
,11,8007,Joe,1,1,Guangdong,TY
,12,8009,Kim,1,1,Guangdong,STS
,15,8011,,1,1,Guangdong,TD
,16,8012,Norris,2,1,Taiwan,TY
,,,,,2,Fujian,STS
,17,,,1,1,Hainan,
,22,8014,Ruth,1,1,Hainan,STS
,23,8015,Percy,2,1,Taiwan,SuperTY
,,,,,2,Fujian,STY
1981,4,8103,Ike,1,1,Taiwan,STS
,5,8104,June,1,1,Taiwan,STS
,6,8105,Kelly,1,1,Hainan,STY
,7,8106,Lynn,1,1,Guangdong,STS
,8,8107,Maury,2,1,Fujian,STS
,,,,,2,Guangxi,TD
,9,8108,,1,1,Zhejiang,TS
,13,8111,Roy,1,1,Hainan,TD
,17,8113,Warren,1,1,Hainan,TS
,21,8116,Clara,1,1,Guangdong,STS
,23,,,1,1,Guangdong,TD
,25,,,3,1,Guangdong,TD
,,,,,2,Guangdong,TD
,,,,,3,Guangxi,
,29,8120,,1,1,Hainan,TS
1982,9,8208,Winona,2,1,Guangdong,TS
,,,,,2,Guangxi,TD
,10,8209,Andy,1,1,Taiwan,STY
,10,8209,Andy(-)1,1,1,Fujian,TS
,13,8212,Dot,2,1,Taiwan,STS
,,,,,2,Fujian,TS
,19,8217,Irving,2,1,Guangdong,STS
,,,,,2,Guangxi,STS
1983,2,8302,Tip,2,1,Hainan,TD
,,,,,2,Guangdong,TD
,3,8303,Vera,1,1,Hainan,TY
,4,8304,Wayne,1,1,Fujian,TY
,9,8309,Ellen,1,1,Guangdong,TY
,11,8311,Georgia,1,1,Hainan,STS
,15,8314,Kim,1,1,Guangdong,STS
1984,2,8402,Wynne,2,1,Guangdong,STS
,,,,,2,Guangxi,STS
,3,8403,Alex,1,1,Taiwan,STS
,3,8403,Alex(-)1,1,1,Zhejiang,STS
,4,8404,Betty,1,1,Guangdong,STS
,7,8406,Ed,2,1,Jiangsu,STS
,,,,,2,Shandong,
,8,8407,Freda,2,1,Taiwan,STS
,,,,,2,Fujian,STS
,9,,,1,1,Hainan,TD
,12,8408,Gerald,1,1,Guangdong,TD
,14,,,1,1,Shandong,
,15,8410,Ike,3,1,Hainan,TY
,,,,,2,Guangdong,STS
,,,,,3,Guangxi,STS
,16,8411,June,1,1,Guangdong,TS
1985,5,8503,,1,1,Hainan,
,7,8504,Hal,1,1,Guangdong,STS
,10,,,1,1,Guangdong,
,11,8506,Jeff,2,1,Zhejiang,TY
,,,,,2,Liaoning,TD
,13,,,1,1,Guangdong,
,15,8509,Mimie,3,1,Jiangsu,STS
,,,,,2,Shandong,STS
,,,,,3,Liaoning,STS
,16,8510,Nelson,1,1,Fujian,STY
,17,,,2,1,Guangdong,
,,,,,2,Guangdong,TS
,22,8515,T]ess,1,1,Guangdong,STS
,23,,,1,1,Liaoning,TD
,25,8517,Winona,1,1,Guangdong,STS
,26,8518,Andy,1,1,Hainan,STS
,30,8521,Dot,1,1,Hainan,TY
1986,4,8604,Mac,1,1,Hainan,
,6,8605,Nancy,1,1,Taiwan,TY
,7,,,1,1,Guangdong,
,9,8607,Peggy,1,1,Guangdong,STS
,11,8609,,2,1,Guangdong,TS
,,,,,2,Guangxi,TS
,15,8613,,1,1,Hainan,TD
,15,8613,(–),1,1,Hainan,
,18,8616,Wayne,3,1,Taiwan,TY
,,,,,2,Hainan,TY
,,,,,3,Guangdong,TY
,20,8617,Abby,1,1,Taiwan,STY
,24,8621,Ellen,1,1,Guangdong,TS
1987,3,8702,Ruth,1,1,Guangdong,STS
,7,8705,Vernon,1,1,Taiwan,STS
,9,8707,Alex,3,1,Taiwan,TY
,,,,,2,Zhejiang,STS
,,,,,3,Shandong,TD
,12,8710,Cary,1,1,Hainan,TY
,15,8712,Gerald,1,1,Fujian,STS
,23,8719,Luynn,1,1,Guangdong,TD
1988,2,8802,Susan,1,1,Taiwan,TY
,5,8804,Vanessa,1,1,Guangdong,TD
,7,8805,Warren,1,1,Guangdong,TY
,10,,,1,1,Hainan,TD
,11,8807,Bill,1,1,Zhejiang,TY
,23,8817,Kit,1,1,Guangdong,STS
,24,8819,Mimie,1,1,Guangdong,TD
,26,,,1,1,Hainan,TD
,31,8823,Pat,1,1,Hainan,TY
,32,8824,Ruby,1,1,Hainan,STS
1989,4,8903,Brenda,1,1,Guangdong,STS
,6,8905,Dot,1,1,Hainan,TY
,9,8907,Faye,1,1,Hainan,TS
,10,8908,Gordon,1,1,Guangdong,TY
,11,8909,Hope,1,1,Zhejiang,TY
,14,8913,Ken,1,1,Shanghai,STS
,15,8912,,1,1,Taiwan,TS
,17,,,2,1,Hainan,
,,,,,2,Guangxi,
,21,8918,,1,1,Fujian,TD
,26,8921,Sarah,1,1,Taiwan,SuperTY
,26,8921,Sarah(-)1,2,1,Taiwan,TY
,,,,,2,Fujian,STS
,28,8923,Vera,1,1,Zhejiang,STS
,31,8926,Brian,1,1,Hainan,TY
,34,8929,Elsie,1,1,Hainan,STS
1990,3,9003,Marian,1,1,Taiwan,TD
,5,,,1,1,Hainan,
,6,9004,Nathan,1,1,Guangdong,STS
,8,9005,Ofelia,2,1,Taiwan,TY
,,,,,2,Fujian,STS
,9,9006,Percy,1,1,Fujian,TY
,15,9009,Tasha,1,1,Guangdong,STS
,18,9012,Yancy,4,1,Taiwan,STY
,,,,,2,Fujian,TS
,,,,,3,Fujian,TS
,,,,,4,Fujian,TS
,22,9015,Abe,1,1,Zhejiang,TY
,23,9017,Cecil,1,1,Fujian,TS
,24,9018,Dot,1,1,Taiwan,TY
,24,9018,Dot(-)1,1,1,Fujian,STS
,33,9025,,1,1,Hainan,STS
1991,3,9103,Vanessa,1,1,Hainan,TD
,7,9106,Zeke,1,1,Hainan,TY
,8,9107,Amy,1,1,Guangdong,TY
,9,9108,Brendan,1,1,Guangdong,TY
,13,9111,Fred,2,1,Guangdong,STY
,,,,,2,Hainan,TY
,18,9116,Joel,1,1,Guangdong,STS
,22,9119,Nat,2,1,Taiwan,STY
,,,,,2,Guangdong,STS
1992,4,9204,Chuck,1,1,Hainan,TY
,6,9205,Eli,1,1,Hainan,TY
,7,9206,Faye,1,1,Guangdong,TS
,8,9207,Gary,1,1,Guangdong,STS
,14,9212,Mark,1,1,Guangdong,TS
,16,9215,Omar,2,1,Taiwan,STS
,,,,,2,Fujian,STS
,17,9216,Polly,2,1,Taiwan,STS
,,,,,2,Fujian,TS
,20,9219,Ted,2,1,Taiwan,TY
,,,,,2,Zhejiang,STS
,21,,,1,1,Hainan,TD
1993,3,9302,Koryn,1,1,Guangdong,TY
,5,9303,Lewis,1,1,Hainan,STS
,12,9309,Tasha,1,1,Guangdong,TY
,18,9315,Abe,1,1,Guangdong,TY
,19,9316,Becky,1,1,Guangdong,TY
,20,9318,Dot,1,1,Guangdong,TY
,25,,,1,1,Guangdong,TD
,27,9323,Ira,1,1,Guangdong,TS
1994,3,9403,Russ,1,1,Guangdong,STS
,4,9404,Sharon,1,1,Guangdong,TD
,5,9405,,1,1,Guangdong,TS
,6,9406,Tim,2,1,Taiwan,STY
,,,,,2,Fujian,STS
,11,,,1,1,Guangxi,TD
,15,9413,Caitlin,2,1,Taiwan,STS
,,,,,2,Fujian,TS
,16,9414,Dous,2,1,Taiwan,STY
,,,,,2,Jiangsu,TD
,17,9415,Ellie,2,1,Shandong,STS
,,,,,2,Liaoning,TS
,19,9417,Fred,1,1,Zhejiang,TY
,20,9418,Gladys,2,1,Taiwan,TY
,,,,,2,Fujian,STS
,21,9419,Harry,1,1,Guangdong,STS
,24,9422,Joel,1,1,Hainan,TS
,26,9424,Luke,1,1,Hainan,STS
1995,2,9502,Deanna,1,1,Taiwan,TD
,4,9504,Gary,1,1,Guangdong,STS
,5,9505,Helen,1,1,Guangdong,STS
,6,9506,Irving,2,1,Guangdong,TS
,,,,,2,Guangxi,TD
,7,9507,Janis,1,1,Zhejiang,STS
,8,9508,Lois,1,1,Hainan,STS
,9,9509,Kent,1,1,Guangdong,TY
,11,9511,Nina,2,1,Hainan,TS
,,,,,2,Guangdong,TD
,15,9515,Sibyl,1,1,Guangdong,STS
,16,9516,Ted,1,1,Guangxi,TS
,21,9521,Angela,1,1,Hainan,TD
1996,7,9606,Frankie,1,1,Hainan,STS
,8,9607,Gloria,1,1,Fujian,TS
,9,9608,Herb,2,1,Taiwan,TY
,,,,,2,Fujian,TY
,12,9610,Lisa,1,1,Fujian,TS
,14,9612,Niki,1,1,Hainan,TY
,17,9615,Sally,3,1,Guangdong,STY
,,,,,2,Guangxi,STS
,,,,,3,Guangxi,TS
,21,9618,Willie,1,1,Guangdong,STS
1997,13,9710,Victor,1,1,Hong Kong,STS
,14,9711,Winnie,2,1,Zhejiang,TY
,,,,,2,Liaoning,TS
,16,9713,Zita,1,1,Guangdong,STS
,17,9714,Amber,2,1,Taiwan,TY
,,,,,2,Fujian,STS
,19,TS19,Cass,1,1,Fujian,TD
1998,1,9801,Nichole,1,1,Taiwan,TS
,3,9802,Otto,2,1,Taiwan,STS
,,,,,2,Fujian,TS
,4,9803,Penny,1,1,Guangdong,STS
,5,,,1,1,Guangdong,TD
,8,,,1,1,Hainan,TD
,10,9806,Todd,1,1,Zhejiang,STS
1999,3,9902,Leo,1,1,Guangdong,TD
,4,9903,Maggie,3,1,Guangdong,TY
,,,,,2,Hong Kong,STS
,,,,,3,Guangdong,TS
,9,9905,,1,1,Fujian,TD
,12,,Rachel,1,1,Taiwan,TD
,13,9908,Sam,1,1,Guangdong,STS
,17,9909,Wendy,1,1,Guangdong,TD
,18,9910,York,1,1,Guangdong,STS
,22,9913,Cam,1,1,Hong Kong,TD
,23,9914,Dan,1,1,Fujian,TY
2000,5,,,1,1,Hong Kong,TD
,7,4,Kai-tak,2,1,Taiwan,STS
,,,,,2,Zhejiang,STS
,8,,,1,1,Guangdong,TD
,12,8,Jelawat,1,1,Zhejiang,TY
,14,10,Bilis,2,1,Taiwan,TY
,,,,,2,Fujian,TY
,17,13,Maria,1,1,Guangdong,STS
,20,16,Wukong,1,1,Hainan,TY
2001,2,102,Chebi,1,1,Fujian,TY
,3,103,Durian,2,1,Guangdong,TY
,,,,,2,Guangxi,STS
,4,104,Utor,1,1,Guangdong,STS
,5,105,Trami,1,1,Taiwan,TS
,7,107,Yutu,1,1,Guangdong,TY
,8,108,Toraji,3,1,Taiwan,TY
,,,,,2,Fujian,STS
,,,,,3,Shandong,TD
,9,,,2,1,Taiwan,TD
,,,,,2,Fujian,TD
,16,114,Fitow,3,1,Hainan,TD
,,,,,2,Guangxi,TS
,,,,,3,Hainan,
,18,116,Nari,2,1,Taiwan,TY
,,,,,2,Guangdong,STS
,21,119,Lekima,1,1,Taiwan,TY
2002,10,208,Nakri,1,1,Taiwan,TS
,11,209,Fengshen,1,1,Shandong,TD
,15,212,Kammuri,1,1,Guangdong,STS
,17,214,Vongfong,1,1,Guangdong,STS
,19,216,Sinlaku,1,1,Zhejiang,TY
,21,218,Hagupit,1,1,Guangdong,STS
,23,220,Mekkhala,3,1,Hainan,TS
,,,,,2,Guangxi,TS
,,,,,3,Guangdong,TD
2003,8,308,Koni,1,1,Hainan,TS
,9,307,Lmbudo,1,1,Guangdong,TY
,10,309,Morakot,2,1,Taiwan,STS
,,,,,2,Fujian,TD
,12,312,Krovanh,2,1,Hainan,TY
,,,,,2,Guangdong,TY
,13,311,Vamco,1,1,Zhejiang,TS
,15,313,Dujuan,3,1,Guangdong,TY
,,,,,2,Guangdong,TY
,,,,,3,Guangdong,TY
,23,320,Nepartak,1,1,Hainan,TY
2004,10,407,Mindule,2,1,Taiwan,STS
,,,,,2,Zhejiang,STS
,12,409,Kompasu,1,1,Hong Kong,TS
,14,411,,1,1,Guangdong,TS
,17,414,Rananim,1,1,Zhejiang,STY
,20,418,Chaba,1,1,Fujian,TY
,25,421,Haima,2,1,Taiwan,TD
,,,,,2,Zhejiang,TS
,29,425,Nock-ten,1,1,Taiwan,STY
,32,428,Nanmadol,1,1,Taiwan,STS
2005,5,505,Haitang,2,1,Taiwan,STY
,,,,,2,Fujian,TY
,8,508,Washi,1,1,Hainan,STS
,9,509,Matsa,2,1,Zhejiang,STY
,,,,,2,Liaoning,TD
,10,510,Sanvn,1,1,Guangdong,STS
,13,513,Talim,2,1,Taiwan,TY
,,,,,2,Fujian,TY
,15,515,Khanun,1,1,Zhejiang,STY
,18,518,Damrcy,1,1,Hainan,STY
,19,519,Longwang,2,1,Taiwan,STY
,,,,,2,Fujian,STS
2006,2,601,Chanchu,1,1,Guangdong,TY
,3,602,Jelawat,1,1,Guangdong,TD
,5,,,1,1,Hainan,TD
,6,604,Bilis,2,1,Taiwan,STS
,,,,,2,Fujian,STS
,7,605,Kaemi,2,1,Taiwan,TY
,,,,,2,Fujian,TY
,8,606,Prapiroon,1,1,Guangdong,TY
,10,608,Saomai,1,1,Zhejiang,SuperTY
,11,609,Bopha,1,1,Taiwan,TS
,14,,,1,1,Guangdong,TD
,17,,,1,1,Guangdong,TD
2007,3,703,Toraji,2,1,Hainan,TD
,,,,,2,Guangxi,TS
,7,707,Pabuk,3,1,Taiwan,S
,,,,,2,Hong Kong,TS
,,,,,3,Guangdong,TD
,8,708,Wutip,1,1,Taiwan,TS
,9,709,Sepat,2,1,Taiwan,STY
,,,,,2,Fujian,TY
,13,713,Wipha,1,1,Zhejiang,STY
,14,714,Francisco,1,1,Hainan,TS
,16,716,Krosa,3,1,Taiwan,STY
,,,,,2,Taiwan,STY
,,,,,3,Zhejiang–Fujian,TY
2008,2,801,Neoguri,2,1,Hainan,STS
,,,,,2,Guangdong,TD
,7,806,Fengshen,1,1,Guangdong,TS
,8,807,Kalmaegi,2,1,Taiwan,TY
,,,,,2,Fujian,STS
,9,808,Fung-wong,2,1,Taiwan,STY
,,,,,2,Fujian,TY
,10,809,Kammuri,2,1,Guangdong,TS
,,,,,2,Guangxi,TS
,13,812,Nuri,2,1,Hong Kong,STS
,,,,,2,Guangdong,STS
,15,813,Sinlaku,1,1,Taiwan,STY
,16,814,Hagupit,1,1,Guangdong,STY
,17,815,Jangmi,1,1,Taiwan,SuperTY
,19,817,Higos,2,1,Hainan,TS
,,,,,2,Guangdong,TD
2009,3,903,Linfa,1,1,Fujian,STS
,4,904,Nangka,1,1,Guangdong,TS
,5,905,Soudelor,2,1,Hainan,TS
,,,,,2,Guangdong,TS
,6,,,2,1,Taiwan,TY
,,,,,2,Fujian,TS
,7,906,Molave,1,1,Guangdong,TY
,8,907,Goni,1,1,Guangdong,STS
,9,908,Morakot,2,1,Taiwan,TY
,,,,,2,Fujian,TY
,14,913,Mujigae,1,1,Hainan,TS
,16,915,Koppu,1,1,Guangdong,TY
,17,916,Pama,1,1,Hainan,TS
,23,,,1,1,Hainan,TD
2010,2,1002,Conson,1,1,Hainan,TY
,3,1003,Chanthu,1,1,Guangdong,TY
,7,1006,Lionrock,1,1,Fujian,TS
,9,1008,Namtheun,1,1,Fujian,TS
,11,1010,Meranti,1,1,Fujian,TY
,12,1011,Fanapi,2,1,Taiwan,STY
,,,,,2,Fujian,TY
,14,,,1,1,Hainan,TD
,15,1013,Megi,1,1,Fujian,TY
2011,6,1103,Sarika,1,1,Guangdong,TS
,7,1104,Haima,2,1,Guangdong,TS
,,,,,2,Guangdong,TS
,8,1105,Meari,1,1,Shandong,TS
,11,1108,Nock-ten,1,1,Hainan,STS
,15,1111,Nanmadol,2,1,Taiwan,TY
,,,,,2,Fujian,TS
,21,1117,Nesat,2,1,Hainan,TY
,,,,,1,Guangdong,TY
,23,1119,Nalgae,1,1,Hainan,STS
2012,7,1206,Doksuri,1,1,Guangdong,STS
,9,1208,Vicente,1,1,Guangdong,TY
,10,1209,Saola,2,1,Taiwan,TY
,,,,,2,Fujian,STS
,11,1210,Damrey,1,1,Jiangsu,TY
,12,1211,Haikui,1,1,Zhejiang,STY
,14,1213,Kai-tak,1,1,Guangdong,TY
,15,1214,Tembin,1,1,Taiwan,STY
2013,5,1305,Bebinca,1,1,Hainan,TS
,6,1306,Rumbia,1,1,Guangdong,STS
,7,1307,Soulik,2,1,Taiwan,STY
,,,,,2,Fujian,STS
,8,1308,Cimaron,1,1,Fujian,TS
,9,1309,Jebi,1,1,Hainan,STS
,11,1311,Utor,1,1,Guangdong,STY
,12,1312,Trami,1,1,Fujian,TY
,13,,,1,1,Zhejiang,TD
,20,1320,Usagi,1,1,Guangdong,STY
,25,1323,Fitow,1,1,Fujian,STY
2014,7,1407,Hagibis,1,1,Guangdong,TS
,9,1409,Rammasun,3,1,Hainan,SuperTY
,,,,,2,Guangdong,SuperTY
,,,,,3,Guangxi,STY
,10,1410,Matmo,3,1,Taiwan,STY
,,,,,2,Fujian,STS
,,,,,3,Shandong,TS
,15,,,1,1,Fujian,TD
,17,,,1,1,Guangdong,TD
,18,1415,Kalmaegi,2,1,Hainan,STY
,,,,,3,Guangdong,STY
,19,1416,Fong-wong,4,1,Taiwan,STS
,,,,,2,Taiwan,STS
,,,,,3,Zhejiang,STS
,,,,,4,Shanghai,TS
2015,8,1508,Kujira,1,1,Hainan,STS
,10,1510,Linfa,1,1,Guangdong,TY
,14,1513,Soudelor,2,1,Taiwan,STY
,,,,,2,Fujian,STS
,22,1521,Dujuan,2,1,Taiwan,TY
,,,,,2,Fujian,STS
,23,1522,Mujigae,1,1,Guangdong,SuperTY
2016,1,,,1,1,Guangdong,TD
,2,1601,Nepartak,2,1,Taiwan,SuperTY
,,,,,2,Fujian,TS
,5,1603,Mirinae,1,1,Hainan,STS
,6,1604,Nida,1,1,Guangdong,TY
,10,1608,Dianmu,1,1,Guangdong,TS
,16,1614,Meranti,1,1,Fujian,SuperTY
,19,1617,Megi,2,1,Taiwan,STY
,,,,,2,Fujian,TY
,23,1621,Sarika,2,1,Hainan,TY
,,,,,2,Guangxi,TS
,24,1622,Haima,1,1,Guangdong,TY
,,,,,,,
